"011002","北海道札幌市","発行可能","20211220"
"012025","北海道函館市","発行可能","20211220"
"012033","北海道小樽市","発行可能","20211220"
"012041","北海道旭川市","発行可能","20211220"
"012050","北海道室蘭市","発行可能","20211220"
"012068","北海道釧路市","発行可能","20211220"
"012076","北海道帯広市","発行可能","20211220"
"012084","北海道北見市","発行可能","20211220"
"012092","北海道夕張市","発行可能","20211220"
"012106","北海道岩見沢市","発行可能","20211220"
"012114","北海道網走市","発行可能","20211220"
"012122","北海道留萌市","発行可能","20211220"
"012131","北海道苫小牧市","発行可能","20211220"
"012149","北海道稚内市","発行可能","20211220"
"012157","北海道美唄市","発行可能","20211220"
"012165","北海道芦別市","発行可能","20211220"
"012173","北海道江別市","発行可能","20211220"
"012181","北海道赤平市","発行可能","20211220"
"012190","北海道紋別市","発行可能","20211220"
"012203","北海道士別市","発行可能","20211220"
"012211","北海道名寄市","発行可能","20211220"
"012220","北海道三笠市","発行可能","20211220"
"012238","北海道根室市","発行可能","20211220"
"012246","北海道千歳市","発行可能","20211220"
"012254","北海道滝川市","発行可能","20211220"
"012262","北海道砂川市","発行可能","20211220"
"012271","北海道歌志内市","発行可能","20211220"
"012289","北海道深川市","発行可能","20211220"
"012297","北海道富良野市","発行可能","20211220"
"012301","北海道登別市","発行可能","20211220"
"012319","北海道恵庭市","発行可能","20211220"
"012335","北海道伊達市","発行可能","20211220"
"012343","北海道北広島市","発行可能","20211220"
"012351","北海道石狩市","発行可能","20211220"
"012360","北海道北斗市","発行可能","20211220"
"013030","北海道当別町","発行可能","20211220"
"013048","北海道新篠津村","発行可能","20211220"
"013315","北海道松前町","発行可能","20211220"
"013323","北海道福島町","発行可能","20211220"
"013331","北海道知内町","発行可能","20211220"
"013340","北海道木古内町","発行可能","20211220"
"013374","北海道七飯町","発行可能","20211220"
"013439","北海道鹿部町","発行可能","20211220"
"013455","北海道森町","発行可能","20211220"
"013463","北海道八雲町","発行可能","20211220"
"013471","北海道長万部町","発行可能","20211220"
"013617","北海道江差町","発行可能","20211220"
"013625","北海道上ノ国町","発行可能","20211220"
"013633","北海道厚沢部町","発行可能","20211220"
"013641","北海道乙部町","発行可能","20211220"
"013676","北海道奥尻町","発行可能","20211220"
"013706","北海道今金町","発行可能","20211220"
"013714","北海道せたな町","状況確認中","20211220"
"013919","北海道島牧村","状況確認中","20211220"
"013927","北海道寿都町","発行可能","20211220"
"013935","北海道黒松内町","発行可能","20211220"
"013943","北海道蘭越町","発行可能","20211220"
"013951","北海道ニセコ町","発行可能","20211220"
"013960","北海道真狩村","発行可能","20211220"
"013978","北海道留寿都村","発行可能","20211220"
"013986","北海道喜茂別町","発行可能","20211220"
"013994","北海道京極町","発行可能","20211220"
"014001","北海道倶知安町","発行可能","20211220"
"014010","北海道共和町","発行可能","20211220"
"014028","北海道岩内町","発行可能","20211220"
"014036","北海道泊村","発行可能","20211220"
"014044","北海道神恵内村","発行可能","20211220"
"014052","北海道積丹町","発行可能","20211220"
"014061","北海道古平町","発行可能","20211220"
"014079","北海道仁木町","発行可能","20211220"
"014087","北海道余市町","発行可能","20211220"
"014095","北海道赤井川村","発行可能","20211220"
"014231","北海道南幌町","発行可能","20211220"
"014249","北海道奈井江町","発行可能","20211220"
"014257","北海道上砂川町","発行可能","20211220"
"014273","北海道由仁町","発行可能","20211220"
"014281","北海道長沼町","発行可能","20211220"
"014290","北海道栗山町","発行可能","20211220"
"014303","北海道月形町","発行可能","20211220"
"014311","北海道浦臼町","発行可能","20211220"
"014320","北海道新十津川町","発行可能","20211220"
"014338","北海道妹背牛町","発行可能","20211220"
"014346","北海道秩父別町","発行可能","20211220"
"014362","北海道雨竜町","発行可能","20211220"
"014371","北海道北竜町","発行可能","20211220"
"014389","北海道沼田町","発行可能","20211220"
"014524","北海道鷹栖町","発行可能","20211220"
"014532","北海道東神楽町","発行可能","20211220"
"014541","北海道当麻町","発行可能","20211220"
"014559","北海道比布町","発行可能","20211220"
"014567","北海道愛別町","発行可能","20211220"
"014575","北海道上川町","発行可能","20211220"
"014583","北海道東川町","発行可能","20211220"
"014591","北海道美瑛町","発行可能","20211220"
"014605","北海道上富良野町","発行可能","20211220"
"014613","北海道中富良野町","発行可能","20211220"
"014621","北海道南富良野町","発行可能","20211220"
"014630","北海道占冠村","発行可能","20211220"
"014648","北海道和寒町","発行可能","20211220"
"014656","北海道剣淵町","発行可能","20211220"
"014681","北海道下川町","発行可能","20211220"
"014699","北海道美深町","発行可能","20211220"
"014702","北海道音威子府村","発行可能","20211220"
"014711","北海道中川町","発行可能","20211220"
"014729","北海道幌加内町","発行可能","20211220"
"014818","北海道増毛町","発行可能","20211220"
"014826","北海道小平町","発行可能","20211220"
"014834","北海道苫前町","発行可能","20211220"
"014842","北海道羽幌町","発行可能","20211220"
"014851","北海道初山別村","発行可能","20211220"
"014869","北海道遠別町","発行可能","20211220"
"014877","北海道天塩町","発行可能","20211220"
"015113","北海道猿払村","発行可能","20211220"
"015121","北海道浜頓別町","状況確認中","20211220"
"015130","北海道中頓別町","発行可能","20211220"
"015148","北海道枝幸町","発行可能","20211220"
"015164","北海道豊富町","発行可能","20211220"
"015172","北海道礼文町","発行可能","20211220"
"015181","北海道利尻町","発行可能","20211220"
"015199","北海道利尻富士町","発行可能","20211220"
"015202","北海道幌延町","発行可能","20211220"
"015431","北海道美幌町","発行可能","20211220"
"015440","北海道津別町","発行可能","20211220"
"015458","北海道斜里町","発行可能","20211220"
"015466","北海道清里町","発行可能","20211220"
"015474","北海道小清水町","発行可能","20211220"
"015491","北海道訓子府町","発行可能","20211220"
"015504","北海道置戸町","状況確認中","20211220"
"015521","北海道佐呂間町","発行可能","20211220"
"015555","北海道遠軽町","発行可能","20211220"
"015598","北海道湧別町","発行可能","20211220"
"015601","北海道滝上町","発行可能","20211220"
"015610","北海道興部町","発行可能","20211220"
"015628","北海道西興部村","発行可能","20211220"
"015636","北海道雄武町","発行可能","20211220"
"015644","北海道大空町","発行可能","20211220"
"015717","北海道豊浦町","発行可能","20211220"
"015750","北海道壮瞥町","発行可能","20211220"
"015784","北海道白老町","発行可能","20211220"
"015814","北海道厚真町","発行可能","20211220"
"015849","北海道洞爺湖町","発行可能","20211220"
"015857","北海道安平町","発行可能","20211220"
"015865","北海道むかわ町","発行可能","20211220"
"016012","北海道日高町","発行可能","20211220"
"016021","北海道平取町","発行可能","20211220"
"016047","北海道新冠町","発行可能","20211220"
"016071","北海道浦河町","発行可能","20211220"
"016080","北海道様似町","発行可能","20211220"
"016098","北海道えりも町","発行可能","20211220"
"016101","北海道新ひだか町","発行可能","20211220"
"016314","北海道音更町","発行可能","20211220"
"016322","北海道士幌町","発行可能","20211220"
"016331","北海道上士幌町","発行可能","20211220"
"016349","北海道鹿追町","発行可能","20211220"
"016357","北海道新得町","発行可能","20211220"
"016365","北海道清水町","発行可能","20211220"
"016373","北海道芽室町","発行可能","20211220"
"016381","北海道中札内村","発行可能","20211220"
"016390","北海道更別村","発行可能","20211220"
"016411","北海道大樹町","発行可能","20211220"
"016420","北海道広尾町","発行可能","20211220"
"016438","北海道幕別町","発行可能","20211220"
"016446","北海道池田町","発行可能","20211220"
"016454","北海道豊頃町","発行可能","20211220"
"016462","北海道本別町","発行可能","20211220"
"016471","北海道足寄町","発行可能","20211220"
"016489","北海道陸別町","発行可能","20211220"
"016497","北海道浦幌町","発行可能","20211220"
"016616","北海道釧路町","発行可能","20211220"
"016624","北海道厚岸町","発行可能","20211220"
"016632","北海道浜中町","発行可能","20211220"
"016641","北海道標茶町","発行可能","20211220"
"016659","北海道弟子屈町","発行可能","20211220"
"016675","北海道鶴居村","発行可能","20211220"
"016683","北海道白糠町","発行可能","20211220"
"016918","北海道別海町","発行可能","20211220"
"016926","北海道中標津町","発行可能","20211220"
"016934","北海道標津町","発行可能","20211220"
"016942","北海道羅臼町","発行可能","20211220"
"022012","青森県青森市","発行可能","20211220"
"022021","青森県弘前市","発行可能","20211220"
"022039","青森県八戸市","発行可能","20211220"
"022047","青森県黒石市","発行可能","20211220"
"022055","青森県五所川原市","発行可能","20211220"
"022063","青森県十和田市","発行可能","20211220"
"022071","青森県三沢市","発行可能","20211220"
"022080","青森県むつ市","発行可能","20211220"
"022098","青森県つがる市","発行可能","20211220"
"022101","青森県平川市","発行可能","20211220"
"023019","青森県平内町","発行可能","20211220"
"023035","青森県今別町","発行可能","20211220"
"023043","青森県蓬田村","発行可能","20211220"
"023078","青森県外ヶ浜町","発行可能","20211220"
"023213","青森県鰺ヶ沢町","発行可能","20211220"
"023230","青森県深浦町","発行可能","20211220"
"023434","青森県西目屋村","発行可能","20211220"
"023612","青森県藤崎町","発行可能","20211220"
"023621","青森県大鰐町","発行可能","20211220"
"023671","青森県田舎館村","発行可能","20211220"
"023817","青森県板柳町","発行可能","20211220"
"023841","青森県鶴田町","発行可能","20211220"
"023876","青森県中泊町","発行可能","20211220"
"024015","青森県野辺地町","発行可能","20211220"
"024023","青森県七戸町","発行可能","20211220"
"024058","青森県六戸町","発行可能","20211220"
"024066","青森県横浜町","発行可能","20211220"
"024082","青森県東北町","発行可能","20211220"
"024112","青森県六ヶ所村","発行可能","20211220"
"024121","青森県おいらせ町","発行可能","20211220"
"024236","青森県大間町","発行可能","20211220"
"024244","青森県東通村","発行可能","20211220"
"024252","青森県風間浦村","状況確認中","20211220"
"024261","青森県佐井村","発行可能","20211220"
"024414","青森県三戸町","発行可能","20211220"
"024422","青森県五戸町","発行可能","20211220"
"024431","青森県田子町","発行可能","20211220"
"024457","青森県南部町","発行可能","20211220"
"024465","青森県階上町","発行可能","20211220"
"024503","青森県新郷村","発行可能","20211220"
"032018","岩手県盛岡市","発行可能","20211220"
"032026","岩手県宮古市","発行可能","20211220"
"032034","岩手県大船渡市","発行可能","20211220"
"032051","岩手県花巻市","発行可能","20211220"
"032069","岩手県北上市","発行可能","20211220"
"032077","岩手県久慈市","発行可能","20211220"
"032085","岩手県遠野市","発行可能","20211220"
"032093","岩手県一関市","発行可能","20211220"
"032107","岩手県陸前高田市","発行可能","20211220"
"032115","岩手県釜石市","発行可能","20211220"
"032131","岩手県二戸市","発行可能","20211220"
"032140","岩手県八幡平市","発行可能","20211220"
"032158","岩手県奥州市","発行可能","20211220"
"032166","岩手県滝沢市","発行可能","20211220"
"033014","岩手県雫石町","発行可能","20211220"
"033022","岩手県葛巻町","発行可能","20211220"
"033031","岩手県岩手町","発行可能","20211220"
"033219","岩手県紫波町","発行可能","20211220"
"033227","岩手県矢巾町","発行可能","20211220"
"033669","岩手県西和賀町","発行可能","20211220"
"033812","岩手県金ケ崎町","発行可能","20211220"
"034029","岩手県平泉町","発行可能","20211220"
"034410","岩手県住田町","発行可能","20211220"
"034614","岩手県大槌町","発行可能","20211220"
"034827","岩手県山田町","発行可能","20211220"
"034835","岩手県岩泉町","発行可能","20211220"
"034843","岩手県田野畑村","発行可能","20211220"
"034851","岩手県普代村","状況確認中","20211220"
"035017","岩手県軽米町","発行可能","20211220"
"035033","岩手県野田村","発行可能","20211220"
"035068","岩手県九戸村","発行可能","20211220"
"035076","岩手県洋野町","発行可能","20211220"
"035246","岩手県一戸町","発行可能","20211220"
"041009","宮城県仙台市","発行可能","20211220"
"042021","宮城県石巻市","発行可能","20211220"
"042030","宮城県塩竈市","発行可能","20211220"
"042056","宮城県気仙沼市","発行可能","20211220"
"042064","宮城県白石市","発行可能","20211220"
"042072","宮城県名取市","発行可能","20211220"
"042081","宮城県角田市","発行可能","20211220"
"042099","宮城県多賀城市","発行可能","20211220"
"042111","宮城県岩沼市","発行可能","20211220"
"042129","宮城県登米市","発行可能","20211220"
"042137","宮城県栗原市","発行可能","20211220"
"042145","宮城県東松島市","発行可能","20211220"
"042153","宮城県大崎市","発行可能","20211220"
"042161","宮城県富谷市","発行可能","20211220"
"043010","宮城県蔵王町","発行可能","20211220"
"043028","宮城県七ヶ宿町","発行可能","20211220"
"043214","宮城県大河原町","発行可能","20211220"
"043222","宮城県村田町","発行可能","20211220"
"043231","宮城県柴田町","発行可能","20211220"
"043249","宮城県川崎町","発行可能","20211220"
"043419","宮城県丸森町","発行可能","20211220"
"043613","宮城県亘理町","発行可能","20211220"
"043621","宮城県山元町","発行可能","20211220"
"044016","宮城県松島町","発行可能","20211220"
"044041","宮城県七ヶ浜町","発行可能","20211220"
"044067","宮城県利府町","発行可能","20211220"
"044211","宮城県大和町","発行可能","20211220"
"044229","宮城県大郷町","発行可能","20211220"
"044245","宮城県大衡村","発行可能","20211220"
"044440","宮城県色麻町","発行可能","20211220"
"044458","宮城県加美町","発行可能","20211220"
"045012","宮城県涌谷町","発行可能","20211220"
"045055","宮城県美里町","発行可能","20211220"
"045811","宮城県女川町","発行可能","20211220"
"046060","宮城県南三陸町","発行可能","20211220"
"052019","秋田県秋田市","発行可能","20211220"
"052027","秋田県能代市","発行可能","20211220"
"052035","秋田県横手市","発行可能","20211220"
"052043","秋田県大館市","発行可能","20211220"
"052060","秋田県男鹿市","発行可能","20211220"
"052078","秋田県湯沢市","発行可能","20211220"
"052094","秋田県鹿角市","発行可能","20211220"
"052108","秋田県由利本荘市","発行可能","20211220"
"052116","秋田県潟上市","発行可能","20211220"
"052124","秋田県大仙市","発行可能","20211220"
"052132","秋田県北秋田市","発行可能","20211220"
"052141","秋田県にかほ市","発行可能","20211220"
"052159","秋田県仙北市","発行可能","20211220"
"053031","秋田県小坂町","発行可能","20211220"
"053279","秋田県上小阿仁村","状況確認中","20211220"
"053465","秋田県藤里町","発行可能","20211220"
"053481","秋田県三種町","発行可能","20211220"
"053490","秋田県八峰町","発行可能","20211220"
"053619","秋田県五城目町","発行可能","20211220"
"053635","秋田県八郎潟町","発行可能","20211220"
"053660","秋田県井川町","発行可能","20211220"
"053686","秋田県大潟村","状況確認中","20211220"
"054348","秋田県美郷町","発行可能","20211220"
"054631","秋田県羽後町","発行可能","20211220"
"054640","秋田県東成瀬村","発行可能","20211220"
"062014","山形県山形市","発行可能","20211220"
"062022","山形県米沢市","発行可能","20211220"
"062031","山形県鶴岡市","発行可能","20211220"
"062049","山形県酒田市","発行可能","20211220"
"062057","山形県新庄市","発行可能","20211220"
"062065","山形県寒河江市","発行可能","20211220"
"062073","山形県上山市","発行可能","20211220"
"062081","山形県村山市","発行可能","20211220"
"062090","山形県長井市","発行可能","20211220"
"062103","山形県天童市","発行可能","20211220"
"062111","山形県東根市","発行可能","20211220"
"062120","山形県尾花沢市","発行可能","20211220"
"062138","山形県南陽市","発行可能","20211220"
"063011","山形県山辺町","発行可能","20211220"
"063029","山形県中山町","発行可能","20211220"
"063215","山形県河北町","発行可能","20211220"
"063223","山形県西川町","発行可能","20211220"
"063231","山形県朝日町","発行可能","20211220"
"063240","山形県大江町","発行可能","20211220"
"063410","山形県大石田町","発行可能","20211220"
"063614","山形県金山町","発行可能","20211220"
"063622","山形県最上町","発行可能","20211220"
"063631","山形県舟形町","発行可能","20211220"
"063649","山形県真室川町","発行可能","20211220"
"063657","山形県大蔵村","発行可能","20211220"
"063665","山形県鮭川村","状況確認中","20211220"
"063673","山形県戸沢村","発行可能","20211220"
"063819","山形県高畠町","発行可能","20211220"
"063827","山形県川西町","発行可能","20211220"
"064017","山形県小国町","発行可能","20211220"
"064025","山形県白鷹町","発行可能","20211220"
"064033","山形県飯豊町","発行可能","20211220"
"064262","山形県三川町","発行可能","20211220"
"064289","山形県庄内町","発行可能","20211220"
"064611","山形県遊佐町","発行可能","20211220"
"072010","福島県福島市","発行可能","20211220"
"072028","福島県会津若松市","発行可能","20211220"
"072036","福島県郡山市","発行可能","20211220"
"072044","福島県いわき市","発行可能","20211220"
"072052","福島県白河市","発行可能","20211220"
"072079","福島県須賀川市","発行可能","20211220"
"072087","福島県喜多方市","発行可能","20211220"
"072095","福島県相馬市","発行可能","20211220"
"072109","福島県二本松市","発行可能","20211220"
"072117","福島県田村市","発行可能","20211220"
"072125","福島県南相馬市","発行可能","20211220"
"072133","福島県伊達市","発行可能","20211220"
"072141","福島県本宮市","発行可能","20211220"
"073016","福島県桑折町","発行可能","20211220"
"073032","福島県国見町","発行可能","20211220"
"073083","福島県川俣町","発行可能","20211220"
"073229","福島県大玉村","発行可能","20211220"
"073423","福島県鏡石町","発行可能","20211220"
"073440","福島県天栄村","発行可能","20211220"
"073628","福島県下郷町","発行可能","20211220"
"073644","福島県檜枝岐村","発行可能","20211220"
"073679","福島県只見町","発行可能","20211220"
"073687","福島県南会津町","発行可能","20211220"
"074021","福島県北塩原村","発行可能","20211220"
"074055","福島県西会津町","発行可能","20211220"
"074071","福島県磐梯町","発行可能","20211220"
"074080","福島県猪苗代町","発行可能","20211220"
"074217","福島県会津坂下町","発行可能","20211220"
"074225","福島県湯川村","発行可能","20211220"
"074233","福島県柳津町","発行可能","20211220"
"074446","福島県三島町","発行可能","20211220"
"074454","福島県金山町","発行可能","20211220"
"074462","福島県昭和村","発行可能","20211220"
"074471","福島県会津美里町","発行可能","20211220"
"074616","福島県西郷村","発行可能","20211220"
"074641","福島県泉崎村","発行可能","20211220"
"074659","福島県中島村","発行可能","20211220"
"074667","福島県矢吹町","発行可能","20211220"
"074811","福島県棚倉町","発行可能","20211220"
"074829","福島県矢祭町","発行可能","20211220"
"074837","福島県塙町","発行可能","20211220"
"074845","福島県鮫川村","発行可能","20211220"
"075019","福島県石川町","発行可能","20211220"
"075027","福島県玉川村","発行可能","20211220"
"075035","福島県平田村","発行可能","20211220"
"075043","福島県浅川町","発行可能","20211220"
"075051","福島県古殿町","発行可能","20211220"
"075213","福島県三春町","発行可能","20211220"
"075221","福島県小野町","発行可能","20211220"
"075418","福島県広野町","発行可能","20211220"
"075426","福島県楢葉町","発行可能","20211220"
"075434","福島県富岡町","発行可能","20211220"
"075442","福島県川内村","発行可能","20211220"
"075451","福島県大熊町","発行可能","20211220"
"075469","福島県双葉町","発行可能","20211220"
"075477","福島県浪江町","発行可能","20211220"
"075485","福島県葛尾村","発行可能","20211220"
"075612","福島県新地町","発行可能","20211220"
"075647","福島県飯舘村","状況確認中","20211220"
"082015","茨城県水戸市","発行可能","20211220"
"082023","茨城県日立市","発行可能","20211220"
"082031","茨城県土浦市","発行可能","20211220"
"082040","茨城県古河市","発行可能","20211220"
"082058","茨城県石岡市","発行可能","20211220"
"082074","茨城県結城市","発行可能","20211220"
"082082","茨城県龍ケ崎市","発行可能","20211220"
"082104","茨城県下妻市","発行可能","20211220"
"082112","茨城県常総市","発行可能","20211220"
"082121","茨城県常陸太田市","発行可能","20211220"
"082147","茨城県高萩市","発行可能","20211220"
"082155","茨城県北茨城市","発行可能","20211220"
"082163","茨城県笠間市","発行可能","20211220"
"082171","茨城県取手市","発行可能","20211220"
"082198","茨城県牛久市","発行可能","20211220"
"082201","茨城県つくば市","発行可能","20211220"
"082210","茨城県ひたちなか市","発行可能","20211220"
"082228","茨城県鹿嶋市","発行可能","20211220"
"082236","茨城県潮来市","発行可能","20211220"
"082244","茨城県守谷市","発行可能","20211220"
"082252","茨城県常陸大宮市","発行可能","20211220"
"082261","茨城県那珂市","発行可能","20211220"
"082279","茨城県筑西市","発行可能","20211220"
"082287","茨城県坂東市","発行可能","20211220"
"082295","茨城県稲敷市","発行可能","20211220"
"082309","茨城県かすみがうら市","発行可能","20211220"
"082317","茨城県桜川市","発行可能","20211220"
"082325","茨城県神栖市","発行可能","20211220"
"082333","茨城県行方市","発行可能","20211220"
"082341","茨城県鉾田市","発行可能","20211220"
"082350","茨城県つくばみらい市","発行可能","20211220"
"082368","茨城県小美玉市","発行可能","20211220"
"083020","茨城県茨城町","発行可能","20211220"
"083097","茨城県大洗町","発行可能","20211220"
"083101","茨城県城里町","発行可能","20211220"
"083411","茨城県東海村","発行可能","20211220"
"083640","茨城県大子町","発行可能","20211220"
"084425","茨城県美浦村","発行可能","20211220"
"084433","茨城県阿見町","発行可能","20211220"
"084476","茨城県河内町","発行可能","20211220"
"085219","茨城県八千代町","発行可能","20211220"
"085421","茨城県五霞町","発行可能","20211220"
"085464","茨城県境町","発行可能","20211220"
"085642","茨城県利根町","発行可能","20211220"
"092011","栃木県宇都宮市","発行可能","20211220"
"092029","栃木県足利市","発行可能","20211220"
"092037","栃木県栃木市","発行可能","20211220"
"092045","栃木県佐野市","発行可能","20211220"
"092053","栃木県鹿沼市","発行可能","20211220"
"092061","栃木県日光市","発行可能","20211220"
"092088","栃木県小山市","発行可能","20211220"
"092096","栃木県真岡市","発行可能","20211220"
"092100","栃木県大田原市","発行可能","20211220"
"092118","栃木県矢板市","発行可能","20211220"
"092134","栃木県那須塩原市","発行可能","20211220"
"092142","栃木県さくら市","発行可能","20211220"
"092151","栃木県那須烏山市","発行可能","20211220"
"092169","栃木県下野市","発行可能","20211220"
"093017","栃木県上三川町","発行可能","20211220"
"093424","栃木県益子町","発行可能","20211220"
"093432","栃木県茂木町","発行可能","20211220"
"093441","栃木県市貝町","発行可能","20211220"
"093459","栃木県芳賀町","発行可能","20211220"
"093611","栃木県壬生町","発行可能","20211220"
"093645","栃木県野木町","発行可能","20211220"
"093840","栃木県塩谷町","発行可能","20211220"
"093866","栃木県高根沢町","発行可能","20211220"
"094072","栃木県那須町","発行可能","20211220"
"094111","栃木県那珂川町","発行可能","20211220"
"102016","群馬県前橋市","発行可能","20211220"
"102024","群馬県高崎市","発行可能","20211220"
"102032","群馬県桐生市","発行可能","20211220"
"102041","群馬県伊勢崎市","発行可能","20211220"
"102059","群馬県太田市","発行可能","20211220"
"102067","群馬県沼田市","発行可能","20211220"
"102075","群馬県館林市","発行可能","20211220"
"102083","群馬県渋川市","発行可能","20211220"
"102091","群馬県藤岡市","発行可能","20211220"
"102105","群馬県富岡市","発行可能","20211220"
"102113","群馬県安中市","発行可能","20211220"
"102121","群馬県みどり市","発行可能","20211220"
"103446","群馬県榛東村","発行可能","20211220"
"103454","群馬県吉岡町","発行可能","20211220"
"103667","群馬県上野村","発行可能","20211220"
"103675","群馬県神流町","発行可能","20211220"
"103829","群馬県下仁田町","発行可能","20211220"
"103837","群馬県南牧村","発行可能","20211220"
"103845","群馬県甘楽町","発行可能","20211220"
"104213","群馬県中之条町","発行可能","20211220"
"104248","群馬県長野原町","発行可能","20211220"
"104256","群馬県嬬恋村","発行可能","20211220"
"104264","群馬県草津町","発行可能","20211220"
"104281","群馬県高山村","発行可能","20211220"
"104299","群馬県東吾妻町","発行可能","20211220"
"104434","群馬県片品村","発行可能","20211220"
"104442","群馬県川場村","発行可能","20211220"
"104485","群馬県昭和村","発行可能","20211220"
"104493","群馬県みなかみ町","発行可能","20211220"
"104647","群馬県玉村町","発行可能","20211220"
"105210","群馬県板倉町","発行可能","20211220"
"105228","群馬県明和町","発行可能","20211220"
"105236","群馬県千代田町","発行可能","20211220"
"105244","群馬県大泉町","発行可能","20211220"
"105252","群馬県邑楽町","発行可能","20211220"
"111007","埼玉県さいたま市","発行可能","20211220"
"112011","埼玉県川越市","発行可能","20211220"
"112020","埼玉県熊谷市","発行可能","20211220"
"112038","埼玉県川口市","発行可能","20211220"
"112062","埼玉県行田市","発行可能","20211220"
"112071","埼玉県秩父市","発行可能","20211220"
"112089","埼玉県所沢市","発行可能","20211220"
"112097","埼玉県飯能市","発行可能","20211220"
"112101","埼玉県加須市","発行可能","20211220"
"112119","埼玉県本庄市","発行可能","20211220"
"112127","埼玉県東松山市","発行可能","20211220"
"112143","埼玉県春日部市","発行可能","20211220"
"112151","埼玉県狭山市","発行可能","20211220"
"112160","埼玉県羽生市","発行可能","20211220"
"112178","埼玉県鴻巣市","発行可能","20211220"
"112186","埼玉県深谷市","発行可能","20211220"
"112194","埼玉県上尾市","発行可能","20211220"
"112216","埼玉県草加市","発行可能","20211220"
"112224","埼玉県越谷市","発行可能","20211220"
"112232","埼玉県蕨市","発行可能","20211220"
"112241","埼玉県戸田市","発行可能","20211220"
"112259","埼玉県入間市","発行可能","20211220"
"112275","埼玉県朝霞市","発行可能","20211220"
"112283","埼玉県志木市","発行可能","20211220"
"112291","埼玉県和光市","発行可能","20211220"
"112305","埼玉県新座市","発行可能","20211220"
"112313","埼玉県桶川市","発行可能","20211220"
"112321","埼玉県久喜市","発行可能","20211220"
"112330","埼玉県北本市","発行可能","20211220"
"112348","埼玉県八潮市","発行可能","20211220"
"112356","埼玉県富士見市","発行可能","20211220"
"112372","埼玉県三郷市","発行可能","20211220"
"112381","埼玉県蓮田市","発行可能","20211220"
"112399","埼玉県坂戸市","発行可能","20211220"
"112402","埼玉県幸手市","発行可能","20211220"
"112411","埼玉県鶴ヶ島市","発行可能","20211220"
"112429","埼玉県日高市","発行可能","20211220"
"112437","埼玉県吉川市","発行可能","20211220"
"112453","埼玉県ふじみ野市","発行可能","20211220"
"112461","埼玉県白岡市","発行可能","20211220"
"113018","埼玉県伊奈町","発行可能","20211220"
"113247","埼玉県三芳町","発行可能","20211220"
"113263","埼玉県毛呂山町","発行可能","20211220"
"113271","埼玉県越生町","発行可能","20211220"
"113417","埼玉県滑川町","発行可能","20211220"
"113425","埼玉県嵐山町","発行可能","20211220"
"113433","埼玉県小川町","発行可能","20211220"
"113468","埼玉県川島町","発行可能","20211220"
"113476","埼玉県吉見町","発行可能","20211220"
"113484","埼玉県鳩山町","発行可能","20211220"
"113492","埼玉県ときがわ町","発行可能","20211220"
"113611","埼玉県横瀬町","発行可能","20211220"
"113620","埼玉県皆野町","発行可能","20211220"
"113638","埼玉県長瀞町","発行可能","20211220"
"113654","埼玉県小鹿野町","発行可能","20211220"
"113697","埼玉県東秩父村","発行可能","20211220"
"113816","埼玉県美里町","発行可能","20211220"
"113832","埼玉県神川町","発行可能","20211220"
"113859","埼玉県上里町","発行可能","20211220"
"114081","埼玉県寄居町","発行可能","20211220"
"114421","埼玉県宮代町","発行可能","20211220"
"114642","埼玉県杉戸町","発行可能","20211220"
"114651","埼玉県松伏町","発行可能","20211220"
"121002","千葉県千葉市","発行可能","20211220"
"122025","千葉県銚子市","発行可能","20211220"
"122033","千葉県市川市","発行可能","20211220"
"122041","千葉県船橋市","発行可能","20211220"
"122050","千葉県館山市","発行可能","20211220"
"122068","千葉県木更津市","発行可能","20211220"
"122076","千葉県松戸市","発行可能","20211220"
"122084","千葉県野田市","発行可能","20211220"
"122106","千葉県茂原市","発行可能","20211220"
"122114","千葉県成田市","発行可能","20211220"
"122122","千葉県佐倉市","発行可能","20211220"
"122131","千葉県東金市","発行可能","20211220"
"122157","千葉県旭市","発行可能","20211220"
"122165","千葉県習志野市","発行可能","20211220"
"122173","千葉県柏市","発行可能","20211220"
"122181","千葉県勝浦市","発行可能","20211220"
"122190","千葉県市原市","発行可能","20211220"
"122203","千葉県流山市","発行可能","20211220"
"122211","千葉県八千代市","発行可能","20211220"
"122220","千葉県我孫子市","発行可能","20211220"
"122238","千葉県鴨川市","発行可能","20211220"
"122246","千葉県鎌ケ谷市","発行可能","20211220"
"122254","千葉県君津市","発行可能","20211220"
"122262","千葉県富津市","発行可能","20211220"
"122271","千葉県浦安市","発行可能","20211220"
"122289","千葉県四街道市","発行可能","20211220"
"122297","千葉県袖ケ浦市","発行可能","20211220"
"122301","千葉県八街市","発行可能","20211220"
"122319","千葉県印西市","発行可能","20211220"
"122327","千葉県白井市","発行可能","20211220"
"122335","千葉県富里市","発行可能","20211220"
"122343","千葉県南房総市","発行可能","20211220"
"122351","千葉県匝瑳市","発行可能","20211220"
"122360","千葉県香取市","発行可能","20211220"
"122378","千葉県山武市","発行可能","20211220"
"122386","千葉県いすみ市","発行可能","20211220"
"122394","千葉県大網白里市","発行可能","20211220"
"123226","千葉県酒々井町","発行可能","20211220"
"123293","千葉県栄町","発行可能","20211220"
"123421","千葉県神崎町","発行可能","20211220"
"123471","千葉県多古町","発行可能","20211220"
"123498","千葉県東庄町","発行可能","20211220"
"124036","千葉県九十九里町","発行可能","20211220"
"124095","千葉県芝山町","発行可能","20211220"
"124109","千葉県横芝光町","発行可能","20211220"
"124214","千葉県一宮町","発行可能","20211220"
"124222","千葉県睦沢町","発行可能","20211220"
"124231","千葉県長生村","発行可能","20211220"
"124249","千葉県白子町","発行可能","20211220"
"124265","千葉県長柄町","発行可能","20211220"
"124273","千葉県長南町","発行可能","20211220"
"124419","千葉県大多喜町","発行可能","20211220"
"124435","千葉県御宿町","発行可能","20211220"
"124630","千葉県鋸南町","発行可能","20211220"
"131016","東京都千代田区","発行可能","20211220"
"131024","東京都中央区","発行可能","20211220"
"131032","東京都港区","発行可能","20211220"
"131041","東京都新宿区","発行可能","20211220"
"131059","東京都文京区","発行可能","20211220"
"131067","東京都台東区","発行可能","20211220"
"131075","東京都墨田区","発行可能","20211220"
"131083","東京都江東区","発行可能","20211220"
"131091","東京都品川区","発行可能","20211220"
"131105","東京都目黒区","発行可能","20211220"
"131113","東京都大田区","発行可能","20211220"
"131121","東京都世田谷区","発行可能","20211220"
"131130","東京都渋谷区","発行可能","20211220"
"131148","東京都中野区","発行可能","20211220"
"131156","東京都杉並区","発行可能","20211220"
"131164","東京都豊島区","発行可能","20211220"
"131172","東京都北区","発行可能","20211220"
"131181","東京都荒川区","発行可能","20211220"
"131199","東京都板橋区","発行可能","20211220"
"131202","東京都練馬区","発行可能","20211220"
"131211","東京都足立区","発行可能","20211220"
"131229","東京都葛飾区","発行可能","20211220"
"131237","東京都江戸川区","発行可能","20211220"
"132012","東京都八王子市","発行可能","20211220"
"132021","東京都立川市","発行可能","20211220"
"132039","東京都武蔵野市","発行可能","20211220"
"132047","東京都三鷹市","発行可能","20211220"
"132055","東京都青梅市","発行可能","20211220"
"132063","東京都府中市","発行可能","20211220"
"132071","東京都昭島市","発行可能","20211220"
"132080","東京都調布市","発行可能","20211220"
"132098","東京都町田市","発行可能","20211220"
"132101","東京都小金井市","発行可能","20211220"
"132110","東京都小平市","発行可能","20211220"
"132128","東京都日野市","発行可能","20211220"
"132136","東京都東村山市","発行可能","20211220"
"132144","東京都国分寺市","発行可能","20211220"
"132152","東京都国立市","発行可能","20211220"
"132187","東京都福生市","発行可能","20211220"
"132195","東京都狛江市","発行可能","20211220"
"132209","東京都東大和市","発行可能","20211220"
"132217","東京都清瀬市","発行可能","20211220"
"132225","東京都東久留米市","発行可能","20211220"
"132233","東京都武蔵村山市","発行可能","20211220"
"132241","東京都多摩市","発行可能","20211220"
"132250","東京都稲城市","発行可能","20211220"
"132276","東京都羽村市","発行可能","20211220"
"132284","東京都あきる野市","発行可能","20211220"
"132292","東京都西東京市","発行可能","20211220"
"133035","東京都瑞穂町","発行可能","20211220"
"133051","東京都日の出町","発行可能","20211220"
"133078","東京都檜原村","発行可能","20211220"
"133086","東京都奥多摩町","発行可能","20211220"
"133612","東京都大島町","発行可能","20211220"
"133621","東京都利島村","発行可能","20211220"
"133639","東京都新島村","発行可能","20211220"
"133647","東京都神津島村","状況確認中","20211220"
"133817","東京都三宅村","発行可能","20211220"
"133825","東京都御蔵島村","状況確認中","20211220"
"134015","東京都八丈町","発行可能","20211220"
"134023","東京都青ヶ島村","状況確認中","20211220"
"134210","東京都小笠原村","発行可能","20211220"
"141003","神奈川県横浜市","発行可能","20211220"
"141305","神奈川県川崎市","発行可能","20211220"
"141500","神奈川県相模原市","発行可能","20211220"
"142018","神奈川県横須賀市","発行可能","20211220"
"142034","神奈川県平塚市","発行可能","20211220"
"142042","神奈川県鎌倉市","発行可能","20211220"
"142051","神奈川県藤沢市","発行可能","20211220"
"142069","神奈川県小田原市","発行可能","20211220"
"142077","神奈川県茅ヶ崎市","発行可能","20211220"
"142085","神奈川県逗子市","発行可能","20211220"
"142107","神奈川県三浦市","発行可能","20211220"
"142115","神奈川県秦野市","発行可能","20211220"
"142123","神奈川県厚木市","発行可能","20211220"
"142131","神奈川県大和市","発行可能","20211220"
"142140","神奈川県伊勢原市","発行可能","20211220"
"142158","神奈川県海老名市","発行可能","20211220"
"142166","神奈川県座間市","発行可能","20211220"
"142174","神奈川県南足柄市","発行可能","20211220"
"142182","神奈川県綾瀬市","発行可能","20211220"
"143014","神奈川県葉山町","発行可能","20211220"
"143219","神奈川県寒川町","発行可能","20211220"
"143413","神奈川県大磯町","発行可能","20211220"
"143421","神奈川県二宮町","発行可能","20211220"
"143618","神奈川県中井町","発行可能","20211220"
"143626","神奈川県大井町","発行可能","20211220"
"143634","神奈川県松田町","発行可能","20211220"
"143642","神奈川県山北町","発行可能","20211220"
"143669","神奈川県開成町","発行可能","20211220"
"143821","神奈川県箱根町","発行可能","20211220"
"143839","神奈川県真鶴町","発行可能","20211220"
"143847","神奈川県湯河原町","発行可能","20211220"
"144011","神奈川県愛川町","発行可能","20211220"
"144029","神奈川県清川村","発行可能","20211220"
"151009","新潟県新潟市","発行可能","20211220"
"152021","新潟県長岡市","発行可能","20211220"
"152048","新潟県三条市","発行可能","20211220"
"152056","新潟県柏崎市","発行可能","20211220"
"152064","新潟県新発田市","発行可能","20211220"
"152081","新潟県小千谷市","発行可能","20211220"
"152099","新潟県加茂市","発行可能","20211220"
"152102","新潟県十日町市","発行可能","20211220"
"152111","新潟県見附市","発行可能","20211220"
"152129","新潟県村上市","発行可能","20211220"
"152137","新潟県燕市","発行可能","20211220"
"152161","新潟県糸魚川市","発行可能","20211220"
"152170","新潟県妙高市","発行可能","20211220"
"152188","新潟県五泉市","発行可能","20211220"
"152226","新潟県上越市","発行可能","20211220"
"152234","新潟県阿賀野市","発行可能","20211220"
"152242","新潟県佐渡市","発行可能","20211220"
"152251","新潟県魚沼市","発行可能","20211220"
"152269","新潟県南魚沼市","発行可能","20211220"
"152277","新潟県胎内市","発行可能","20211220"
"153079","新潟県聖籠町","発行可能","20211220"
"153427","新潟県弥彦村","発行可能","20211220"
"153613","新潟県田上町","発行可能","20211220"
"153851","新潟県阿賀町","発行可能","20211220"
"154059","新潟県出雲崎町","発行可能","20211220"
"154610","新潟県湯沢町","発行可能","20211220"
"154822","新潟県津南町","発行可能","20211220"
"155047","新潟県刈羽村","発行可能","20211220"
"155811","新潟県関川村","発行可能","20211220"
"155861","新潟県粟島浦村","状況確認中","20211220"
"162019","富山県富山市","発行可能","20211220"
"162027","富山県高岡市","発行可能","20211220"
"162043","富山県魚津市","発行可能","20211220"
"162051","富山県氷見市","発行可能","20211220"
"162060","富山県滑川市","発行可能","20211220"
"162078","富山県黒部市","発行可能","20211220"
"162086","富山県砺波市","発行可能","20211220"
"162094","富山県小矢部市","発行可能","20211220"
"162108","富山県南砺市","発行可能","20211220"
"162116","富山県射水市","発行可能","20211220"
"163210","富山県舟橋村","発行可能","20211220"
"163228","富山県上市町","発行可能","20211220"
"163236","富山県立山町","発行可能","20211220"
"163422","富山県入善町","発行可能","20211220"
"163431","富山県朝日町","発行可能","20211220"
"172014","石川県金沢市","発行可能","20211220"
"172022","石川県七尾市","発行可能","20211220"
"172031","石川県小松市","発行可能","20211220"
"172049","石川県輪島市","発行可能","20211220"
"172057","石川県珠洲市","発行可能","20211220"
"172065","石川県加賀市","発行可能","20211220"
"172073","石川県羽咋市","発行可能","20211220"
"172090","石川県かほく市","発行可能","20211220"
"172103","石川県白山市","発行可能","20211220"
"172111","石川県能美市","発行可能","20211220"
"172120","石川県野々市市","発行可能","20211220"
"173240","石川県川北町","発行可能","20211220"
"173614","石川県津幡町","発行可能","20211220"
"173657","石川県内灘町","発行可能","20211220"
"173843","石川県志賀町","発行可能","20211220"
"173860","石川県宝達志水町","発行可能","20211220"
"174076","石川県中能登町","発行可能","20211220"
"174611","石川県穴水町","発行可能","20211220"
"174637","石川県能登町","発行可能","20211220"
"182010","福井県福井市","発行可能","20211220"
"182028","福井県敦賀市","発行可能","20211220"
"182044","福井県小浜市","発行可能","20211220"
"182052","福井県大野市","発行可能","20211220"
"182061","福井県勝山市","発行可能","20211220"
"182079","福井県鯖江市","発行可能","20211220"
"182087","福井県あわら市","発行可能","20211220"
"182095","福井県越前市","発行可能","20211220"
"182109","福井県坂井市","発行可能","20211220"
"183229","福井県永平寺町","発行可能","20211220"
"183822","福井県池田町","発行可能","20211220"
"184047","福井県南越前町","発行可能","20211220"
"184233","福井県越前町","発行可能","20211220"
"184420","福井県美浜町","発行可能","20211220"
"184811","福井県高浜町","発行可能","20211220"
"184837","福井県おおい町","発行可能","20211220"
"185019","福井県若狭町","発行可能","20211220"
"192015","山梨県甲府市","発行可能","20211220"
"192023","山梨県富士吉田市","発行可能","20211220"
"192040","山梨県都留市","発行可能","20211220"
"192058","山梨県山梨市","発行可能","20211220"
"192066","山梨県大月市","発行可能","20211220"
"192074","山梨県韮崎市","発行可能","20211220"
"192082","山梨県南アルプス市","発行可能","20211220"
"192091","山梨県北杜市","発行可能","20211220"
"192104","山梨県甲斐市","発行可能","20211220"
"192112","山梨県笛吹市","発行可能","20211220"
"192121","山梨県上野原市","発行可能","20211220"
"192139","山梨県甲州市","発行可能","20211220"
"192147","山梨県中央市","発行可能","20211220"
"193461","山梨県市川三郷町","発行可能","20211220"
"193640","山梨県早川町","発行可能","20211220"
"193658","山梨県身延町","発行可能","20211220"
"193666","山梨県南部町","発行可能","20211220"
"193682","山梨県富士川町","発行可能","20211220"
"193844","山梨県昭和町","発行可能","20211220"
"194221","山梨県道志村","発行可能","20211220"
"194239","山梨県西桂町","発行可能","20211220"
"194247","山梨県忍野村","発行可能","20211220"
"194255","山梨県山中湖村","発行可能","20211220"
"194298","山梨県鳴沢村","発行可能","20211220"
"194301","山梨県富士河口湖町","発行可能","20211220"
"194425","山梨県小菅村","発行可能","20211220"
"194433","山梨県丹波山村","発行可能","20211220"
"202011","長野県長野市","発行可能","20211220"
"202029","長野県松本市","発行可能","20211220"
"202037","長野県上田市","発行可能","20211220"
"202045","長野県岡谷市","発行可能","20211220"
"202053","長野県飯田市","発行可能","20211220"
"202061","長野県諏訪市","発行可能","20211220"
"202070","長野県須坂市","発行可能","20211220"
"202088","長野県小諸市","発行可能","20211220"
"202096","長野県伊那市","発行可能","20211220"
"202100","長野県駒ヶ根市","発行可能","20211220"
"202118","長野県中野市","発行可能","20211220"
"202126","長野県大町市","発行可能","20211220"
"202134","長野県飯山市","発行可能","20211220"
"202142","長野県茅野市","発行可能","20211220"
"202151","長野県塩尻市","発行可能","20211220"
"202177","長野県佐久市","発行可能","20211220"
"202185","長野県千曲市","発行可能","20211220"
"202193","長野県東御市","発行可能","20211220"
"202207","長野県安曇野市","発行可能","20211220"
"203033","長野県小海町","発行可能","20211220"
"203041","長野県川上村","発行可能","20211220"
"203050","長野県南牧村","発行可能","20211220"
"203068","長野県南相木村","発行可能","20211220"
"203076","長野県北相木村","発行可能","20211220"
"203092","長野県佐久穂町","発行可能","20211220"
"203211","長野県軽井沢町","発行可能","20211220"
"203238","長野県御代田町","発行可能","20211220"
"203246","長野県立科町","状況確認中","20211220"
"203491","長野県青木村","発行可能","20211220"
"203505","長野県長和町","発行可能","20211220"
"203611","長野県下諏訪町","発行可能","20211220"
"203629","長野県富士見町","発行可能","20211220"
"203637","長野県原村","発行可能","20211220"
"203823","長野県辰野町","発行可能","20211220"
"203831","長野県箕輪町","発行可能","20211220"
"203840","長野県飯島町","発行可能","20211220"
"203858","長野県南箕輪村","発行可能","20211220"
"203866","長野県中川村","発行可能","20211220"
"203882","長野県宮田村","発行可能","20211220"
"204021","長野県松川町","発行可能","20211220"
"204030","長野県高森町","発行可能","20211220"
"204048","長野県阿南町","発行可能","20211220"
"204072","長野県阿智村","発行可能","20211220"
"204099","長野県平谷村","発行可能","20211220"
"204102","長野県根羽村","発行可能","20211220"
"204111","長野県下條村","発行可能","20211220"
"204129","長野県売木村","発行可能","20211220"
"204137","長野県天龍村","発行可能","20211220"
"204145","長野県泰阜村","状況確認中","20211220"
"204153","長野県喬木村","発行可能","20211220"
"204161","長野県豊丘村","発行可能","20211220"
"204170","長野県大鹿村","発行可能","20211220"
"204226","長野県上松町","発行可能","20211220"
"204234","長野県南木曽町","発行可能","20211220"
"204251","長野県木祖村","発行可能","20211220"
"204293","長野県王滝村","発行可能","20211220"
"204307","長野県大桑村","発行可能","20211220"
"204323","長野県木曽町","発行可能","20211220"
"204463","長野県麻績村","発行可能","20211220"
"204480","長野県生坂村","発行可能","20211220"
"204501","長野県山形村","発行可能","20211220"
"204510","長野県朝日村","発行可能","20211220"
"204528","長野県筑北村","発行可能","20211220"
"204811","長野県池田町","発行可能","20211220"
"204820","長野県松川村","発行可能","20211220"
"204854","長野県白馬村","発行可能","20211220"
"204862","長野県小谷村","発行可能","20211220"
"205214","長野県坂城町","発行可能","20211220"
"205419","長野県小布施町","発行可能","20211220"
"205435","長野県高山村","発行可能","20211220"
"205613","長野県山ノ内町","発行可能","20211220"
"205621","長野県木島平村","発行可能","20211220"
"205630","長野県野沢温泉村","発行可能","20211220"
"205834","長野県信濃町","発行可能","20211220"
"205885","長野県小川村","発行可能","20211220"
"205907","長野県飯綱町","発行可能","20211220"
"206024","長野県栄村","発行可能","20211220"
"212016","岐阜県岐阜市","発行可能","20211220"
"212024","岐阜県大垣市","発行可能","20211220"
"212032","岐阜県高山市","発行可能","20211220"
"212041","岐阜県多治見市","発行可能","20211220"
"212059","岐阜県関市","発行可能","20211220"
"212067","岐阜県中津川市","発行可能","20211220"
"212075","岐阜県美濃市","発行可能","20211220"
"212083","岐阜県瑞浪市","発行可能","20211220"
"212091","岐阜県羽島市","発行可能","20211220"
"212105","岐阜県恵那市","発行可能","20211220"
"212113","岐阜県美濃加茂市","発行可能","20211220"
"212121","岐阜県土岐市","発行可能","20211220"
"212130","岐阜県各務原市","発行可能","20211220"
"212148","岐阜県可児市","発行可能","20211220"
"212156","岐阜県山県市","発行可能","20211220"
"212164","岐阜県瑞穂市","発行可能","20211220"
"212172","岐阜県飛騨市","発行可能","20211220"
"212181","岐阜県本巣市","発行可能","20211220"
"212199","岐阜県郡上市","発行可能","20211220"
"212202","岐阜県下呂市","発行可能","20211220"
"212211","岐阜県海津市","発行可能","20211220"
"213021","岐阜県岐南町","発行可能","20211220"
"213039","岐阜県笠松町","発行可能","20211220"
"213411","岐阜県養老町","発行可能","20211220"
"213616","岐阜県垂井町","発行可能","20211220"
"213624","岐阜県関ケ原町","発行可能","20211220"
"213811","岐阜県神戸町","発行可能","20211220"
"213829","岐阜県輪之内町","発行可能","20211220"
"213837","岐阜県安八町","発行可能","20211220"
"214019","岐阜県揖斐川町","発行可能","20211220"
"214035","岐阜県大野町","発行可能","20211220"
"214043","岐阜県池田町","発行可能","20211220"
"214213","岐阜県北方町","発行可能","20211220"
"215015","岐阜県坂祝町","発行可能","20211220"
"215023","岐阜県富加町","発行可能","20211220"
"215031","岐阜県川辺町","発行可能","20211220"
"215040","岐阜県七宗町","発行可能","20211220"
"215058","岐阜県八百津町","発行可能","20211220"
"215066","岐阜県白川町","発行可能","20211220"
"215074","岐阜県東白川村","発行可能","20211220"
"215210","岐阜県御嵩町","発行可能","20211220"
"216046","岐阜県白川村","発行可能","20211220"
"221007","静岡県静岡市","発行可能","20211220"
"221309","静岡県浜松市","発行可能","20211220"
"222038","静岡県沼津市","発行可能","20211220"
"222054","静岡県熱海市","発行可能","20211220"
"222062","静岡県三島市","発行可能","20211220"
"222071","静岡県富士宮市","発行可能","20211220"
"222089","静岡県伊東市","発行可能","20211220"
"222097","静岡県島田市","発行可能","20211220"
"222101","静岡県富士市","発行可能","20211220"
"222119","静岡県磐田市","発行可能","20211220"
"222127","静岡県焼津市","発行可能","20211220"
"222135","静岡県掛川市","発行可能","20211220"
"222143","静岡県藤枝市","発行可能","20211220"
"222151","静岡県御殿場市","発行可能","20211220"
"222160","静岡県袋井市","発行可能","20211220"
"222194","静岡県下田市","発行可能","20211220"
"222208","静岡県裾野市","発行可能","20211220"
"222216","静岡県湖西市","発行可能","20211220"
"222224","静岡県伊豆市","発行可能","20211220"
"222232","静岡県御前崎市","発行可能","20211220"
"222241","静岡県菊川市","発行可能","20211220"
"222259","静岡県伊豆の国市","発行可能","20211220"
"222267","静岡県牧之原市","発行可能","20211220"
"223018","静岡県東伊豆町","発行可能","20211220"
"223026","静岡県河津町","発行可能","20211220"
"223042","静岡県南伊豆町","発行可能","20211220"
"223051","静岡県松崎町","発行可能","20211220"
"223069","静岡県西伊豆町","発行可能","20211220"
"223255","静岡県函南町","発行可能","20211220"
"223417","静岡県清水町","発行可能","20211220"
"223425","静岡県長泉町","発行可能","20211220"
"223441","静岡県小山町","発行可能","20211220"
"224243","静岡県吉田町","発行可能","20211220"
"224294","静岡県川根本町","発行可能","20211220"
"224618","静岡県森町","発行可能","20211220"
"231002","愛知県名古屋市","発行可能","20211220"
"232017","愛知県豊橋市","発行可能","20211220"
"232025","愛知県岡崎市","発行可能","20211220"
"232033","愛知県一宮市","発行可能","20211220"
"232041","愛知県瀬戸市","発行可能","20211220"
"232050","愛知県半田市","発行可能","20211220"
"232068","愛知県春日井市","発行可能","20211220"
"232076","愛知県豊川市","発行可能","20211220"
"232084","愛知県津島市","発行可能","20211220"
"232092","愛知県碧南市","発行可能","20211220"
"232106","愛知県刈谷市","発行可能","20211220"
"232114","愛知県豊田市","発行可能","20211220"
"232122","愛知県安城市","発行可能","20211220"
"232131","愛知県西尾市","発行可能","20211220"
"232149","愛知県蒲郡市","発行可能","20211220"
"232157","愛知県犬山市","発行可能","20211220"
"232165","愛知県常滑市","発行可能","20211220"
"232173","愛知県江南市","発行可能","20211220"
"232190","愛知県小牧市","発行可能","20211220"
"232203","愛知県稲沢市","発行可能","20211220"
"232211","愛知県新城市","発行可能","20211220"
"232220","愛知県東海市","発行可能","20211220"
"232238","愛知県大府市","発行可能","20211220"
"232246","愛知県知多市","発行可能","20211220"
"232254","愛知県知立市","発行可能","20211220"
"232262","愛知県尾張旭市","発行可能","20211220"
"232271","愛知県高浜市","発行可能","20211220"
"232289","愛知県岩倉市","発行可能","20211220"
"232297","愛知県豊明市","発行可能","20211220"
"232301","愛知県日進市","発行可能","20211220"
"232319","愛知県田原市","発行可能","20211220"
"232327","愛知県愛西市","発行可能","20211220"
"232335","愛知県清須市","発行可能","20211220"
"232343","愛知県北名古屋市","発行可能","20211220"
"232351","愛知県弥富市","発行可能","20211220"
"232360","愛知県みよし市","発行可能","20211220"
"232378","愛知県あま市","発行可能","20211220"
"232386","愛知県長久手市","発行可能","20211220"
"233021","愛知県東郷町","発行可能","20211220"
"233421","愛知県豊山町","発行可能","20211220"
"233617","愛知県大口町","発行可能","20211220"
"233625","愛知県扶桑町","発行可能","20211220"
"234249","愛知県大治町","発行可能","20211220"
"234257","愛知県蟹江町","発行可能","20211220"
"234273","愛知県飛島村","発行可能","20211220"
"234419","愛知県阿久比町","発行可能","20211220"
"234427","愛知県東浦町","発行可能","20211220"
"234451","愛知県南知多町","発行可能","20211220"
"234460","愛知県美浜町","発行可能","20211220"
"234478","愛知県武豊町","発行可能","20211220"
"235016","愛知県幸田町","発行可能","20211220"
"235610","愛知県設楽町","発行可能","20211220"
"235628","愛知県東栄町","発行可能","20211220"
"235636","愛知県豊根村","発行可能","20211220"
"242012","三重県津市","発行可能","20211220"
"242021","三重県四日市市","発行可能","20211220"
"242039","三重県伊勢市","発行可能","20211220"
"242047","三重県松阪市","発行可能","20211220"
"242055","三重県桑名市","発行可能","20211220"
"242071","三重県鈴鹿市","発行可能","20211220"
"242080","三重県名張市","発行可能","20211220"
"242098","三重県尾鷲市","発行可能","20211220"
"242101","三重県亀山市","発行可能","20211220"
"242110","三重県鳥羽市","発行可能","20211220"
"242128","三重県熊野市","発行可能","20211220"
"242144","三重県いなべ市","発行可能","20211220"
"242152","三重県志摩市","発行可能","20211220"
"242161","三重県伊賀市","発行可能","20211220"
"243035","三重県木曽岬町","発行可能","20211220"
"243248","三重県東員町","発行可能","20211220"
"243418","三重県菰野町","発行可能","20211220"
"243434","三重県朝日町","発行可能","20211220"
"243442","三重県川越町","発行可能","20211220"
"244414","三重県多気町","発行可能","20211220"
"244422","三重県明和町","発行可能","20211220"
"244431","三重県大台町","発行可能","20211220"
"244619","三重県玉城町","発行可能","20211220"
"244708","三重県度会町","状況確認中","20211220"
"244716","三重県大紀町","発行可能","20211220"
"244724","三重県南伊勢町","発行可能","20211220"
"245437","三重県紀北町","発行可能","20211220"
"245615","三重県御浜町","発行可能","20211220"
"245623","三重県紀宝町","発行可能","20211220"
"252018","滋賀県大津市","発行可能","20211220"
"252026","滋賀県彦根市","発行可能","20211220"
"252034","滋賀県長浜市","発行可能","20211220"
"252042","滋賀県近江八幡市","発行可能","20211220"
"252069","滋賀県草津市","発行可能","20211220"
"252077","滋賀県守山市","発行可能","20211220"
"252085","滋賀県栗東市","発行可能","20211220"
"252093","滋賀県甲賀市","発行可能","20211220"
"252107","滋賀県野洲市","発行可能","20211220"
"252115","滋賀県湖南市","発行可能","20211220"
"252123","滋賀県高島市","発行可能","20211220"
"252131","滋賀県東近江市","発行可能","20211220"
"252140","滋賀県米原市","発行可能","20211220"
"253839","滋賀県日野町","発行可能","20211220"
"253847","滋賀県竜王町","発行可能","20211220"
"254258","滋賀県愛荘町","発行可能","20211220"
"254410","滋賀県豊郷町","発行可能","20211220"
"254428","滋賀県甲良町","発行可能","20211220"
"254436","滋賀県多賀町","状況確認中","20211220"
"261009","京都府京都市","発行可能","20211220"
"262013","京都府福知山市","発行可能","20211220"
"262021","京都府舞鶴市","発行可能","20211220"
"262030","京都府綾部市","発行可能","20211220"
"262048","京都府宇治市","発行可能","20211220"
"262056","京都府宮津市","発行可能","20211220"
"262064","京都府亀岡市","発行可能","20211220"
"262072","京都府城陽市","発行可能","20211220"
"262081","京都府向日市","発行可能","20211220"
"262099","京都府長岡京市","発行可能","20211220"
"262102","京都府八幡市","発行可能","20211220"
"262111","京都府京田辺市","発行可能","20211220"
"262129","京都府京丹後市","発行可能","20211220"
"262137","京都府南丹市","発行可能","20211220"
"262145","京都府木津川市","発行可能","20211220"
"263036","京都府大山崎町","発行可能","20211220"
"263222","京都府久御山町","発行可能","20211220"
"263435","京都府井手町","発行可能","20211220"
"263443","京都府宇治田原町","発行可能","20211220"
"263648","京都府笠置町","発行可能","20211220"
"263656","京都府和束町","発行可能","20211220"
"263664","京都府精華町","発行可能","20211220"
"263672","京都府南山城村","発行可能","20211220"
"264075","京都府京丹波町","発行可能","20211220"
"264636","京都府伊根町","発行可能","20211220"
"264652","京都府与謝野町","発行可能","20211220"
"271004","大阪府大阪市","発行可能","20211220"
"271403","大阪府堺市","発行可能","20211220"
"272027","大阪府岸和田市","発行可能","20211220"
"272035","大阪府豊中市","発行可能","20211220"
"272043","大阪府池田市","発行可能","20211220"
"272051","大阪府吹田市","発行可能","20211220"
"272060","大阪府泉大津市","発行可能","20211220"
"272078","大阪府高槻市","発行可能","20211220"
"272086","大阪府貝塚市","発行可能","20211220"
"272094","大阪府守口市","発行可能","20211220"
"272108","大阪府枚方市","発行可能","20211220"
"272116","大阪府茨木市","発行可能","20211220"
"272124","大阪府八尾市","発行可能","20211220"
"272132","大阪府泉佐野市","発行可能","20211220"
"272141","大阪府富田林市","発行可能","20211220"
"272159","大阪府寝屋川市","発行可能","20211220"
"272167","大阪府河内長野市","発行可能","20211220"
"272175","大阪府松原市","発行可能","20211220"
"272183","大阪府大東市","発行可能","20211220"
"272191","大阪府和泉市","発行可能","20211220"
"272205","大阪府箕面市","発行可能","20211220"
"272213","大阪府柏原市","発行可能","20211220"
"272221","大阪府羽曳野市","発行可能","20211220"
"272230","大阪府門真市","発行可能","20211220"
"272248","大阪府摂津市","発行可能","20211220"
"272256","大阪府高石市","発行可能","20211220"
"272264","大阪府藤井寺市","発行可能","20211220"
"272272","大阪府東大阪市","発行可能","20211220"
"272281","大阪府泉南市","発行可能","20211220"
"272299","大阪府四條畷市","発行可能","20211220"
"272302","大阪府交野市","発行可能","20211220"
"272311","大阪府大阪狭山市","発行可能","20211220"
"272329","大阪府阪南市","発行可能","20211220"
"273015","大阪府島本町","発行可能","20211220"
"273210","大阪府豊能町","発行可能","20211220"
"273228","大阪府能勢町","発行可能","20211220"
"273414","大阪府忠岡町","発行可能","20211220"
"273619","大阪府熊取町","発行可能","20211220"
"273627","大阪府田尻町","発行可能","20211220"
"273660","大阪府岬町","発行可能","20211220"
"273813","大阪府太子町","発行可能","20211220"
"273821","大阪府河南町","発行可能","20211220"
"273830","大阪府千早赤阪村","発行可能","20211220"
"281000","兵庫県神戸市","発行可能","20211220"
"282014","兵庫県姫路市","発行可能","20211220"
"282022","兵庫県尼崎市","発行可能","20211220"
"282031","兵庫県明石市","発行可能","20211220"
"282049","兵庫県西宮市","発行可能","20211220"
"282057","兵庫県洲本市","発行可能","20211220"
"282065","兵庫県芦屋市","発行可能","20211220"
"282073","兵庫県伊丹市","発行可能","20211220"
"282081","兵庫県相生市","発行可能","20211220"
"282090","兵庫県豊岡市","発行可能","20211220"
"282103","兵庫県加古川市","発行可能","20211220"
"282120","兵庫県赤穂市","発行可能","20211220"
"282138","兵庫県西脇市","発行可能","20211220"
"282146","兵庫県宝塚市","発行可能","20211220"
"282154","兵庫県三木市","発行可能","20211220"
"282162","兵庫県高砂市","発行可能","20211220"
"282171","兵庫県川西市","発行可能","20211220"
"282189","兵庫県小野市","発行可能","20211220"
"282197","兵庫県三田市","発行可能","20211220"
"282201","兵庫県加西市","発行可能","20211220"
"282219","兵庫県丹波篠山市","発行可能","20211220"
"282227","兵庫県養父市","発行可能","20211220"
"282235","兵庫県丹波市","発行可能","20211220"
"282243","兵庫県南あわじ市","発行可能","20211220"
"282251","兵庫県朝来市","発行可能","20211220"
"282260","兵庫県淡路市","発行可能","20211220"
"282278","兵庫県宍粟市","発行可能","20211220"
"282286","兵庫県加東市","発行可能","20211220"
"282294","兵庫県たつの市","発行可能","20211220"
"283011","兵庫県猪名川町","発行可能","20211220"
"283657","兵庫県多可町","発行可能","20211220"
"283819","兵庫県稲美町","発行可能","20211220"
"283827","兵庫県播磨町","発行可能","20211220"
"284424","兵庫県市川町","発行可能","20211220"
"284432","兵庫県福崎町","発行可能","20211220"
"284467","兵庫県神河町","発行可能","20211220"
"284645","兵庫県太子町","発行可能","20211220"
"284815","兵庫県上郡町","発行可能","20211220"
"285013","兵庫県佐用町","発行可能","20211220"
"285854","兵庫県香美町","発行可能","20211220"
"285862","兵庫県新温泉町","発行可能","20211220"
"292010","奈良県奈良市","発行可能","20211220"
"292028","奈良県大和高田市","状況確認中","20211220"
"292036","奈良県大和郡山市","発行可能","20211220"
"292044","奈良県天理市","発行可能","20211220"
"292052","奈良県橿原市","発行可能","20211220"
"292061","奈良県桜井市","発行可能","20211220"
"292079","奈良県五條市","発行可能","20211220"
"292087","奈良県御所市","発行可能","20211220"
"292095","奈良県生駒市","発行可能","20211220"
"292109","奈良県香芝市","発行可能","20211220"
"292117","奈良県葛城市","発行可能","20211220"
"292125","奈良県宇陀市","発行可能","20211220"
"293229","奈良県山添村","発行可能","20211220"
"293423","奈良県平群町","発行可能","20211220"
"293431","奈良県三郷町","発行可能","20211220"
"293440","奈良県斑鳩町","発行可能","20211220"
"293458","奈良県安堵町","発行可能","20211220"
"293610","奈良県川西町","発行可能","20211220"
"293628","奈良県三宅町","発行可能","20211220"
"293636","奈良県田原本町","発行可能","20211220"
"293857","奈良県曽爾村","発行可能","20211220"
"293865","奈良県御杖村","発行可能","20211220"
"294012","奈良県高取町","発行可能","20211220"
"294021","奈良県明日香村","発行可能","20211220"
"294241","奈良県上牧町","発行可能","20211220"
"294250","奈良県王寺町","発行可能","20211220"
"294268","奈良県広陵町","発行可能","20211220"
"294276","奈良県河合町","発行可能","20211220"
"294411","奈良県吉野町","発行可能","20211220"
"294420","奈良県大淀町","発行可能","20211220"
"294438","奈良県下市町","発行可能","20211220"
"294446","奈良県黒滝村","発行可能","20211220"
"294462","奈良県天川村","発行可能","20211220"
"294471","奈良県野迫川村","発行可能","20211220"
"294497","奈良県十津川村","発行可能","20211220"
"294501","奈良県下北山村","発行可能","20211220"
"294519","奈良県上北山村","発行可能","20211220"
"294527","奈良県川上村","発行可能","20211220"
"294535","奈良県東吉野村","発行可能","20211220"
"302015","和歌山県和歌山市","発行可能","20211220"
"302023","和歌山県海南市","発行可能","20211220"
"302031","和歌山県橋本市","発行可能","20211220"
"302040","和歌山県有田市","発行可能","20211220"
"302058","和歌山県御坊市","発行可能","20211220"
"302066","和歌山県田辺市","発行可能","20211220"
"302074","和歌山県新宮市","発行可能","20211220"
"302082","和歌山県紀の川市","発行可能","20211220"
"302091","和歌山県岩出市","発行可能","20211220"
"303046","和歌山県紀美野町","発行可能","20211220"
"303411","和歌山県かつらぎ町","発行可能","20211220"
"303437","和歌山県九度山町","発行可能","20211220"
"303445","和歌山県高野町","発行可能","20211220"
"303615","和歌山県湯浅町","発行可能","20211220"
"303623","和歌山県広川町","発行可能","20211220"
"303666","和歌山県有田川町","発行可能","20211220"
"303810","和歌山県美浜町","発行可能","20211220"
"303828","和歌山県日高町","発行可能","20211220"
"303836","和歌山県由良町","発行可能","20211220"
"303909","和歌山県印南町","発行可能","20211220"
"303917","和歌山県みなべ町","発行可能","20211220"
"303925","和歌山県日高川町","発行可能","20211220"
"304018","和歌山県白浜町","発行可能","20211220"
"304042","和歌山県上富田町","発行可能","20211220"
"304069","和歌山県すさみ町","発行可能","20211220"
"304212","和歌山県那智勝浦町","発行可能","20211220"
"304221","和歌山県太地町","発行可能","20211220"
"304247","和歌山県古座川町","発行可能","20211220"
"304271","和歌山県北山村","発行可能","20211220"
"304280","和歌山県串本町","発行可能","20211220"
"312011","鳥取県鳥取市","発行可能","20211220"
"312029","鳥取県米子市","発行可能","20211220"
"312037","鳥取県倉吉市","発行可能","20211220"
"312045","鳥取県境港市","発行可能","20211220"
"313025","鳥取県岩美町","発行可能","20211220"
"313254","鳥取県若桜町","発行可能","20211220"
"313289","鳥取県智頭町","発行可能","20211220"
"313297","鳥取県八頭町","発行可能","20211220"
"313645","鳥取県三朝町","発行可能","20211220"
"313700","鳥取県湯梨浜町","発行可能","20211220"
"313718","鳥取県琴浦町","発行可能","20211220"
"313726","鳥取県北栄町","発行可能","20211220"
"313840","鳥取県日吉津村","発行可能","20211220"
"313866","鳥取県大山町","発行可能","20211220"
"313891","鳥取県南部町","発行可能","20211220"
"313904","鳥取県伯耆町","発行可能","20211220"
"314013","鳥取県日南町","発行可能","20211220"
"314021","鳥取県日野町","発行可能","20211220"
"314030","鳥取県江府町","状況確認中","20211220"
"322016","島根県松江市","発行可能","20211220"
"322024","島根県浜田市","発行可能","20211220"
"322032","島根県出雲市","発行可能","20211220"
"322041","島根県益田市","発行可能","20211220"
"322059","島根県大田市","発行可能","20211220"
"322067","島根県安来市","発行可能","20211220"
"322075","島根県江津市","発行可能","20211220"
"322091","島根県雲南市","発行可能","20211220"
"323438","島根県奥出雲町","発行可能","20211220"
"323861","島根県飯南町","発行可能","20211220"
"324418","島根県川本町","発行可能","20211220"
"324485","島根県美郷町","発行可能","20211220"
"324493","島根県邑南町","発行可能","20211220"
"325015","島根県津和野町","発行可能","20211220"
"325058","島根県吉賀町","発行可能","20211220"
"325252","島根県海士町","発行可能","20211220"
"325261","島根県西ノ島町","状況確認中","20211220"
"325279","島根県知夫村","発行可能","20211220"
"325287","島根県隠岐の島町","発行可能","20211220"
"331007","岡山県岡山市","発行可能","20211220"
"332020","岡山県倉敷市","発行可能","20211220"
"332038","岡山県津山市","発行可能","20211220"
"332046","岡山県玉野市","発行可能","20211220"
"332054","岡山県笠岡市","発行可能","20211220"
"332071","岡山県井原市","発行可能","20211220"
"332089","岡山県総社市","発行可能","20211220"
"332097","岡山県高梁市","発行可能","20211220"
"332101","岡山県新見市","発行可能","20211220"
"332119","岡山県備前市","発行可能","20211220"
"332127","岡山県瀬戸内市","発行可能","20211220"
"332135","岡山県赤磐市","発行可能","20211220"
"332143","岡山県真庭市","発行可能","20211220"
"332151","岡山県美作市","発行可能","20211220"
"332160","岡山県浅口市","発行可能","20211220"
"333468","岡山県和気町","発行可能","20211220"
"334235","岡山県早島町","発行可能","20211220"
"334456","岡山県里庄町","発行可能","20211220"
"334618","岡山県矢掛町","発行可能","20211220"
"335860","岡山県新庄村","発行可能","20211220"
"336068","岡山県鏡野町","発行可能","20211220"
"336220","岡山県勝央町","発行可能","20211220"
"336238","岡山県奈義町","発行可能","20211220"
"336432","岡山県西粟倉村","発行可能","20211220"
"336637","岡山県久米南町","発行可能","20211220"
"336661","岡山県美咲町","発行可能","20211220"
"336815","岡山県吉備中央町","発行可能","20211220"
"341002","広島県広島市","発行可能","20211220"
"342025","広島県呉市","発行可能","20211220"
"342033","広島県竹原市","発行可能","20211220"
"342041","広島県三原市","発行可能","20211220"
"342050","広島県尾道市","発行可能","20211220"
"342076","広島県福山市","発行可能","20211220"
"342084","広島県府中市","発行可能","20211220"
"342092","広島県三次市","発行可能","20211220"
"342106","広島県庄原市","発行可能","20211220"
"342114","広島県大竹市","発行可能","20211220"
"342122","広島県東広島市","発行可能","20211220"
"342131","広島県廿日市市","発行可能","20211220"
"342149","広島県安芸高田市","発行可能","20211220"
"342157","広島県江田島市","発行可能","20211220"
"343021","広島県府中町","発行可能","20211220"
"343048","広島県海田町","発行可能","20211220"
"343072","広島県熊野町","発行可能","20211220"
"343099","広島県坂町","発行可能","20211220"
"343684","広島県安芸太田町","発行可能","20211220"
"343692","広島県北広島町","発行可能","20211220"
"344311","広島県大崎上島町","発行可能","20211220"
"344621","広島県世羅町","発行可能","20211220"
"345458","広島県神石高原町","発行可能","20211220"
"352012","山口県下関市","発行可能","20211220"
"352021","山口県宇部市","発行可能","20211220"
"352039","山口県山口市","発行可能","20211220"
"352047","山口県萩市","発行可能","20211220"
"352063","山口県防府市","発行可能","20211220"
"352071","山口県下松市","発行可能","20211220"
"352080","山口県岩国市","発行可能","20211220"
"352101","山口県光市","発行可能","20211220"
"352110","山口県長門市","発行可能","20211220"
"352128","山口県柳井市","発行可能","20211220"
"352136","山口県美祢市","発行可能","20211220"
"352152","山口県周南市","発行可能","20211220"
"352161","山口県山陽小野田市","発行可能","20211220"
"353051","山口県周防大島町","発行可能","20211220"
"353213","山口県和木町","発行可能","20211220"
"353418","山口県上関町","発行可能","20211220"
"353434","山口県田布施町","発行可能","20211220"
"353442","山口県平生町","発行可能","20211220"
"355020","山口県阿武町","発行可能","20211220"
"362018","徳島県徳島市","発行可能","20211220"
"362026","徳島県鳴門市","発行可能","20211220"
"362034","徳島県小松島市","発行可能","20211220"
"362042","徳島県阿南市","発行可能","20211220"
"362051","徳島県吉野川市","発行可能","20211220"
"362069","徳島県阿波市","発行可能","20211220"
"362077","徳島県美馬市","発行可能","20211220"
"362085","徳島県三好市","発行可能","20211220"
"363014","徳島県勝浦町","発行可能","20211220"
"363022","徳島県上勝町","発行可能","20211220"
"363219","徳島県佐那河内村","発行可能","20211220"
"363413","徳島県石井町","発行可能","20211220"
"363421","徳島県神山町","発行可能","20211220"
"363685","徳島県那賀町","発行可能","20211220"
"363839","徳島県牟岐町","発行可能","20211220"
"363871","徳島県美波町","発行可能","20211220"
"363880","徳島県海陽町","発行可能","20211220"
"364011","徳島県松茂町","発行可能","20211220"
"364029","徳島県北島町","発行可能","20211220"
"364037","徳島県藍住町","発行可能","20211220"
"364045","徳島県板野町","発行可能","20211220"
"364053","徳島県上板町","発行可能","20211220"
"364681","徳島県つるぎ町","発行可能","20211220"
"364894","徳島県東みよし町","発行可能","20211220"
"372013","香川県高松市","発行可能","20211220"
"372021","香川県丸亀市","発行可能","20211220"
"372030","香川県坂出市","発行可能","20211220"
"372048","香川県善通寺市","発行可能","20211220"
"372056","香川県観音寺市","発行可能","20211220"
"372064","香川県さぬき市","発行可能","20211220"
"372072","香川県東かがわ市","発行可能","20211220"
"372081","香川県三豊市","発行可能","20211220"
"373222","香川県土庄町","発行可能","20211220"
"373249","香川県小豆島町","発行可能","20211220"
"373419","香川県三木町","発行可能","20211220"
"373648","香川県直島町","発行可能","20211220"
"373869","香川県宇多津町","発行可能","20211220"
"373877","香川県綾川町","発行可能","20211220"
"374032","香川県琴平町","発行可能","20211220"
"374041","香川県多度津町","発行可能","20211220"
"374067","香川県まんのう町","発行可能","20211220"
"382019","愛媛県松山市","発行可能","20211220"
"382027","愛媛県今治市","発行可能","20211220"
"382035","愛媛県宇和島市","発行可能","20211220"
"382043","愛媛県八幡浜市","発行可能","20211220"
"382051","愛媛県新居浜市","発行可能","20211220"
"382060","愛媛県西条市","発行可能","20211220"
"382078","愛媛県大洲市","発行可能","20211220"
"382108","愛媛県伊予市","発行可能","20211220"
"382132","愛媛県四国中央市","発行可能","20211220"
"382141","愛媛県西予市","発行可能","20211220"
"382159","愛媛県東温市","発行可能","20211220"
"383562","愛媛県上島町","発行可能","20211220"
"383864","愛媛県久万高原町","発行可能","20211220"
"384011","愛媛県松前町","状況確認中","20211220"
"384020","愛媛県砥部町","発行可能","20211220"
"384224","愛媛県内子町","発行可能","20211220"
"384429","愛媛県伊方町","発行可能","20211220"
"384844","愛媛県松野町","発行可能","20211220"
"384887","愛媛県鬼北町","発行可能","20211220"
"385069","愛媛県愛南町","発行可能","20211220"
"392014","高知県高知市","発行可能","20211220"
"392022","高知県室戸市","発行可能","20211220"
"392031","高知県安芸市","発行可能","20211220"
"392049","高知県南国市","発行可能","20211220"
"392057","高知県土佐市","発行可能","20211220"
"392065","高知県須崎市","発行可能","20211220"
"392081","高知県宿毛市","発行可能","20211220"
"392090","高知県土佐清水市","発行可能","20211220"
"392103","高知県四万十市","発行可能","20211220"
"392111","高知県香南市","発行可能","20211220"
"392120","高知県香美市","発行可能","20211220"
"393011","高知県東洋町","状況確認中","20211220"
"393029","高知県奈半利町","発行可能","20211220"
"393037","高知県田野町","発行可能","20211220"
"393045","高知県安田町","発行可能","20211220"
"393053","高知県北川村","発行可能","20211220"
"393061","高知県馬路村","発行可能","20211220"
"393070","高知県芸西村","発行可能","20211220"
"393410","高知県本山町","発行可能","20211220"
"393444","高知県大豊町","発行可能","20211220"
"393631","高知県土佐町","発行可能","20211220"
"393649","高知県大川村","状況確認中","20211220"
"393860","高知県いの町","発行可能","20211220"
"393878","高知県仁淀川町","発行可能","20211220"
"394017","高知県中土佐町","発行可能","20211220"
"394025","高知県佐川町","発行可能","20211220"
"394033","高知県越知町","発行可能","20211220"
"394050","高知県梼原町","発行可能","20211220"
"394106","高知県日高村","発行可能","20211220"
"394114","高知県津野町","発行可能","20211220"
"394122","高知県四万十町","発行可能","20211220"
"394246","高知県大月町","発行可能","20211220"
"394271","高知県三原村","発行可能","20211220"
"394289","高知県黒潮町","発行可能","20211220"
"401005","福岡県北九州市","発行可能","20211220"
"401307","福岡県福岡市","発行可能","20211220"
"402028","福岡県大牟田市","発行可能","20211220"
"402036","福岡県久留米市","発行可能","20211220"
"402044","福岡県直方市","発行可能","20211220"
"402052","福岡県飯塚市","発行可能","20211220"
"402061","福岡県田川市","発行可能","20211220"
"402079","福岡県柳川市","発行可能","20211220"
"402109","福岡県八女市","発行可能","20211220"
"402117","福岡県筑後市","発行可能","20211220"
"402125","福岡県大川市","発行可能","20211220"
"402133","福岡県行橋市","発行可能","20211220"
"402141","福岡県豊前市","発行可能","20211220"
"402150","福岡県中間市","発行可能","20211220"
"402168","福岡県小郡市","発行可能","20211220"
"402176","福岡県筑紫野市","発行可能","20211220"
"402184","福岡県春日市","発行可能","20211220"
"402192","福岡県大野城市","発行可能","20211220"
"402206","福岡県宗像市","発行可能","20211220"
"402214","福岡県太宰府市","発行可能","20211220"
"402231","福岡県古賀市","発行可能","20211220"
"402249","福岡県福津市","発行可能","20211220"
"402257","福岡県うきは市","発行可能","20211220"
"402265","福岡県宮若市","発行可能","20211220"
"402273","福岡県嘉麻市","発行可能","20211220"
"402281","福岡県朝倉市","発行可能","20211220"
"402290","福岡県みやま市","発行可能","20211220"
"402303","福岡県糸島市","発行可能","20211220"
"402311","福岡県那珂川市","発行可能","20211220"
"403415","福岡県宇美町","発行可能","20211220"
"403423","福岡県篠栗町","発行可能","20211220"
"403431","福岡県志免町","発行可能","20211220"
"403440","福岡県須恵町","発行可能","20211220"
"403458","福岡県新宮町","発行可能","20211220"
"403482","福岡県久山町","発行可能","20211220"
"403491","福岡県粕屋町","発行可能","20211220"
"403814","福岡県芦屋町","発行可能","20211220"
"403822","福岡県水巻町","発行可能","20211220"
"403831","福岡県岡垣町","発行可能","20211220"
"403849","福岡県遠賀町","発行可能","20211220"
"404012","福岡県小竹町","発行可能","20211220"
"404021","福岡県鞍手町","発行可能","20211220"
"404217","福岡県桂川町","発行可能","20211220"
"404471","福岡県筑前町","発行可能","20211220"
"404489","福岡県東峰村","発行可能","20211220"
"405035","福岡県大刀洗町","発行可能","20211220"
"405221","福岡県大木町","発行可能","20211220"
"405442","福岡県広川町","発行可能","20211220"
"406015","福岡県香春町","発行可能","20211220"
"406023","福岡県添田町","発行可能","20211220"
"406040","福岡県糸田町","発行可能","20211220"
"406058","福岡県川崎町","発行可能","20211220"
"406082","福岡県大任町","発行可能","20211220"
"406091","福岡県赤村","発行可能","20211220"
"406104","福岡県福智町","発行可能","20211220"
"406210","福岡県苅田町","発行可能","20211220"
"406252","福岡県みやこ町","発行可能","20211220"
"406422","福岡県吉富町","発行可能","20211220"
"406465","福岡県上毛町","発行可能","20211220"
"406473","福岡県築上町","発行可能","20211220"
"412015","佐賀県佐賀市","発行可能","20211220"
"412023","佐賀県唐津市","発行可能","20211220"
"412031","佐賀県鳥栖市","発行可能","20211220"
"412040","佐賀県多久市","発行可能","20211220"
"412058","佐賀県伊万里市","発行可能","20211220"
"412066","佐賀県武雄市","発行可能","20211220"
"412074","佐賀県鹿島市","発行可能","20211220"
"412082","佐賀県小城市","発行可能","20211220"
"412091","佐賀県嬉野市","発行可能","20211220"
"412104","佐賀県神埼市","発行可能","20211220"
"413275","佐賀県吉野ヶ里町","発行可能","20211220"
"413411","佐賀県基山町","発行可能","20211220"
"413453","佐賀県上峰町","発行可能","20211220"
"413461","佐賀県みやき町","発行可能","20211220"
"413879","佐賀県玄海町","発行可能","20211220"
"414018","佐賀県有田町","発行可能","20211220"
"414239","佐賀県大町町","発行可能","20211220"
"414247","佐賀県江北町","発行可能","20211220"
"414255","佐賀県白石町","発行可能","20211220"
"414417","佐賀県太良町","発行可能","20211220"
"422011","長崎県長崎市","発行可能","20211220"
"422029","長崎県佐世保市","発行可能","20211220"
"422037","長崎県島原市","発行可能","20211220"
"422045","長崎県諫早市","発行可能","20211220"
"422053","長崎県大村市","発行可能","20211220"
"422070","長崎県平戸市","発行可能","20211220"
"422088","長崎県松浦市","発行可能","20211220"
"422096","長崎県対馬市","発行可能","20211220"
"422100","長崎県壱岐市","発行可能","20211220"
"422118","長崎県五島市","発行可能","20211220"
"422126","長崎県西海市","発行可能","20211220"
"422134","長崎県雲仙市","発行可能","20211220"
"422142","長崎県南島原市","発行可能","20211220"
"423076","長崎県長与町","発行可能","20211220"
"423084","長崎県時津町","発行可能","20211220"
"423211","長崎県東彼杵町","発行可能","20211220"
"423220","長崎県川棚町","発行可能","20211220"
"423238","長崎県波佐見町","発行可能","20211220"
"423831","長崎県小値賀町","発行可能","20211220"
"423912","長崎県佐々町","発行可能","20211220"
"424111","長崎県新上五島町","発行可能","20211220"
"431001","熊本県熊本市","発行可能","20211220"
"432024","熊本県八代市","発行可能","20211220"
"432032","熊本県人吉市","発行可能","20211220"
"432041","熊本県荒尾市","発行可能","20211220"
"432059","熊本県水俣市","発行可能","20211220"
"432067","熊本県玉名市","発行可能","20211220"
"432083","熊本県山鹿市","発行可能","20211220"
"432105","熊本県菊池市","発行可能","20211220"
"432113","熊本県宇土市","発行可能","20211220"
"432121","熊本県上天草市","発行可能","20211220"
"432130","熊本県宇城市","発行可能","20211220"
"432148","熊本県阿蘇市","発行可能","20211220"
"432156","熊本県天草市","発行可能","20211220"
"432164","熊本県合志市","発行可能","20211220"
"433489","熊本県美里町","発行可能","20211220"
"433641","熊本県玉東町","発行可能","20211220"
"433675","熊本県南関町","発行可能","20211220"
"433683","熊本県長洲町","発行可能","20211220"
"433691","熊本県和水町","発行可能","20211220"
"434035","熊本県大津町","発行可能","20211220"
"434043","熊本県菊陽町","発行可能","20211220"
"434230","熊本県南小国町","発行可能","20211220"
"434248","熊本県小国町","発行可能","20211220"
"434256","熊本県産山村","発行可能","20211220"
"434281","熊本県高森町","発行可能","20211220"
"434329","熊本県西原村","発行可能","20211220"
"434337","熊本県南阿蘇村","発行可能","20211220"
"434418","熊本県御船町","発行可能","20211220"
"434426","熊本県嘉島町","発行可能","20211220"
"434434","熊本県益城町","発行可能","20211220"
"434442","熊本県甲佐町","発行可能","20211220"
"434477","熊本県山都町","発行可能","20211220"
"434680","熊本県氷川町","発行可能","20211220"
"434825","熊本県芦北町","発行可能","20211220"
"434841","熊本県津奈木町","発行可能","20211220"
"435015","熊本県錦町","状況確認中","20211220"
"435058","熊本県多良木町","発行可能","20211220"
"435066","熊本県湯前町","発行可能","20211220"
"435074","熊本県水上村","発行可能","20211220"
"435104","熊本県相良村","発行可能","20211220"
"435112","熊本県五木村","発行可能","20211220"
"435121","熊本県山江村","発行可能","20211220"
"435139","熊本県球磨村","発行可能","20211220"
"435147","熊本県あさぎり町","発行可能","20211220"
"435317","熊本県苓北町","発行可能","20211220"
"442011","大分県大分市","発行可能","20211220"
"442020","大分県別府市","発行可能","20211220"
"442038","大分県中津市","発行可能","20211220"
"442046","大分県日田市","発行可能","20211220"
"442054","大分県佐伯市","発行可能","20211220"
"442062","大分県臼杵市","発行可能","20211220"
"442071","大分県津久見市","発行可能","20211220"
"442089","大分県竹田市","発行可能","20211220"
"442097","大分県豊後高田市","発行可能","20211220"
"442101","大分県杵築市","発行可能","20211220"
"442119","大分県宇佐市","発行可能","20211220"
"442127","大分県豊後大野市","発行可能","20211220"
"442135","大分県由布市","発行可能","20211220"
"442143","大分県国東市","発行可能","20211220"
"443221","大分県姫島村","発行可能","20211220"
"443417","大分県日出町","発行可能","20211220"
"444618","大分県九重町","発行可能","20211220"
"444626","大分県玖珠町","発行可能","20211220"
"452017","宮崎県宮崎市","発行可能","20211220"
"452025","宮崎県都城市","発行可能","20211220"
"452033","宮崎県延岡市","発行可能","20211220"
"452041","宮崎県日南市","発行可能","20211220"
"452050","宮崎県小林市","発行可能","20211220"
"452068","宮崎県日向市","発行可能","20211220"
"452076","宮崎県串間市","発行可能","20211220"
"452084","宮崎県西都市","発行可能","20211220"
"452092","宮崎県えびの市","発行可能","20211220"
"453412","宮崎県三股町","発行可能","20211220"
"453617","宮崎県高原町","発行可能","20211220"
"453820","宮崎県国富町","発行可能","20211220"
"453838","宮崎県綾町","状況確認中","20211220"
"454010","宮崎県高鍋町","発行可能","20211220"
"454028","宮崎県新富町","発行可能","20211220"
"454036","宮崎県西米良村","発行可能","20211220"
"454044","宮崎県木城町","発行可能","20211220"
"454052","宮崎県川南町","発行可能","20211220"
"454061","宮崎県都農町","発行可能","20211220"
"454214","宮崎県門川町","発行可能","20211220"
"454290","宮崎県諸塚村","発行可能","20211220"
"454303","宮崎県椎葉村","発行可能","20211220"
"454311","宮崎県美郷町","発行可能","20211220"
"454419","宮崎県高千穂町","発行可能","20211220"
"454427","宮崎県日之影町","発行可能","20211220"
"454435","宮崎県五ヶ瀬町","発行可能","20211220"
"462012","鹿児島県鹿児島市","発行可能","20211220"
"462039","鹿児島県鹿屋市","発行可能","20211220"
"462047","鹿児島県枕崎市","発行可能","20211220"
"462063","鹿児島県阿久根市","発行可能","20211220"
"462080","鹿児島県出水市","発行可能","20211220"
"462101","鹿児島県指宿市","発行可能","20211220"
"462136","鹿児島県西之表市","発行可能","20211220"
"462144","鹿児島県垂水市","発行可能","20211220"
"462152","鹿児島県薩摩川内市","発行可能","20211220"
"462161","鹿児島県日置市","発行可能","20211220"
"462179","鹿児島県曽於市","発行可能","20211220"
"462187","鹿児島県霧島市","発行可能","20211220"
"462195","鹿児島県いちき串木野市","発行可能","20211220"
"462209","鹿児島県南さつま市","発行可能","20211220"
"462217","鹿児島県志布志市","発行可能","20211220"
"462225","鹿児島県奄美市","発行可能","20211220"
"462233","鹿児島県南九州市","発行可能","20211220"
"462241","鹿児島県伊佐市","発行可能","20211220"
"462250","鹿児島県姶良市","発行可能","20211220"
"463035","鹿児島県三島村","発行可能","20211220"
"463043","鹿児島県十島村","発行可能","20211220"
"463922","鹿児島県さつま町","発行可能","20211220"
"464040","鹿児島県長島町","発行可能","20211220"
"464520","鹿児島県湧水町","発行可能","20211220"
"464686","鹿児島県大崎町","発行可能","20211220"
"464821","鹿児島県東串良町","発行可能","20211220"
"464902","鹿児島県錦江町","発行可能","20211220"
"464911","鹿児島県南大隅町","発行可能","20211220"
"464929","鹿児島県肝付町","発行可能","20211220"
"465011","鹿児島県中種子町","発行可能","20211220"
"465020","鹿児島県南種子町","発行可能","20211220"
"465054","鹿児島県屋久島町","発行可能","20211220"
"465232","鹿児島県大和村","発行可能","20211220"
"465241","鹿児島県宇検村","発行可能","20211220"
"465259","鹿児島県瀬戸内町","発行可能","20211220"
"465275","鹿児島県龍郷町","発行可能","20211220"
"465291","鹿児島県喜界町","発行可能","20211220"
"465305","鹿児島県徳之島町","発行可能","20211220"
"465313","鹿児島県天城町","発行可能","20211220"
"465321","鹿児島県伊仙町","発行可能","20211220"
"465330","鹿児島県和泊町","発行可能","20211220"
"465348","鹿児島県知名町","発行可能","20211220"
"465356","鹿児島県与論町","発行可能","20211220"
"472018","沖縄県那覇市","発行可能","20211220"
"472051","沖縄県宜野湾市","発行可能","20211220"
"472077","沖縄県石垣市","状況確認中","20211220"
"472085","沖縄県浦添市","発行可能","20211220"
"472093","沖縄県名護市","発行可能","20211220"
"472107","沖縄県糸満市","発行可能","20211220"
"472115","沖縄県沖縄市","発行可能","20211220"
"472123","沖縄県豊見城市","発行可能","20211220"
"472131","沖縄県うるま市","発行可能","20211220"
"472140","沖縄県宮古島市","発行可能","20211220"
"472158","沖縄県南城市","発行可能","20211220"
"473014","沖縄県国頭村","発行可能","20211220"
"473022","沖縄県大宜味村","発行可能","20211220"
"473031","沖縄県東村","発行可能","20211220"
"473065","沖縄県今帰仁村","発行可能","20211220"
"473081","沖縄県本部町","発行可能","20211220"
"473111","沖縄県恩納村","発行可能","20211220"
"473138","沖縄県宜野座村","発行可能","20211220"
"473146","沖縄県金武町","発行可能","20211220"
"473154","沖縄県伊江村","発行可能","20211220"
"473243","沖縄県読谷村","発行可能","20211220"
"473251","沖縄県嘉手納町","発行可能","20211220"
"473260","沖縄県北谷町","発行可能","20211220"
"473278","沖縄県北中城村","発行可能","20211220"
"473286","沖縄県中城村","発行可能","20211220"
"473294","沖縄県西原町","発行可能","20211220"
"473481","沖縄県与那原町","発行可能","20211220"
"473502","沖縄県南風原町","発行可能","20211220"
"473537","沖縄県渡嘉敷村","状況確認中","20211220"
"473545","沖縄県座間味村","発行可能","20211220"
"473553","沖縄県粟国村","発行可能","20211220"
"473561","沖縄県渡名喜村","発行可能","20211220"
"473570","沖縄県南大東村","発行可能","20211220"
"473588","沖縄県北大東村","発行可能","20211220"
"473596","沖縄県伊平屋村","発行可能","20211220"
"473600","沖縄県伊是名村","発行可能","20211220"
"473618","沖縄県久米島町","発行可能","20211220"
"473626","沖縄県八重瀬町","発行可能","20211220"
"473758","沖縄県多良間村","状況確認中","20211220"
"473812","沖縄県竹富町","発行可能","20211220"
"473821","沖縄県与那国町","発行可能","20211220"
